Phase,Features_Created,Computation_Time,Memory_Usage,Feature_Types,Success_Rate
Phase 1 - Core Advanced Features,881,25:30 minutes,850 MB,"statistical, mathematical, transformational",100.0
Phase 2 - Neural Network Features,27,18:45 minutes,420 MB,"neural_embeddings, hidden_representations",100.0
Phase 3 - Signal Processing Features,50,32:15 minutes,680 MB,"wavelet, fft, hilbert",100.0
Phase 4 - Quantum-Inspired Features,112,45:20 minutes,1.1 GB,"superposition, entanglement, phase_analysis",100.0
Phase 5 - Topological Features,125,1:12:30 hours,1.8 GB,"persistent_homology, betti_numbers, mapper",100.0
Phase 6 - Graph Neural Features,34,38:45 minutes,920 MB,"centrality, community_detection, clustering",100.0
Phase 7 - Meta-Learning Features,19,22:10 minutes,340 MB,"correlation_analysis, distribution_modeling",100.0
Phase 8 - Advanced Ensemble Features,12,15:35 minutes,280 MB,"voting_schemes, stacking_features",100.0
Phase 9 - Predictive Features,0,0:00 minutes,0 MB,,0.0
Phase 10 - Revolutionary Features,102,1:35:45 hours,2.3 GB,"causal_inference, adversarial_robustness, explainable_ai",100.0
